Yadel,Twimm,integer non velit donec diam neque vestibulum eget vulputate ut ultrices vel augue vestibulum ante ipsum primis,Devshare,volutpat in congue etiam justo etiam pretium iaculis justo in hac habitasse platea dictumst etiam faucibus cursus,#96464e
Browsecat,Rhyzio,nunc commodo placerat praesent blandit nam nulla integer pede justo lacinia,Rooxo,morbi porttitor lorem id ligula suspendisse ornare consequat lectus in est risus auctor sed tristique in tempus sit amet sem,#9980fb
Mynte,Camido,porttitor id consequat in consequat ut nulla sed accumsan felis ut at,Fanoodle,parturient montes nascetur ridiculus mus etiam vel augue vestibulum rutrum rutrum neque aenean auctor gravida sem praesent id massa,#ba389b
Twitterbeat,Edgeblab,volutpat dui maecenas tristique est et tempus semper est quam pharetra magna ac,Roodel,pede ullamcorper augue a suscipit nulla elit ac nulla sed vel enim sit amet nunc viverra dapibus nulla suscipit,#89102b
Jaxworks,Thoughtbridge,luctus et ultrices posuere cubilia curae donec pharetra magna vestibulum aliquet ultrices erat tortor sollicitudin,Cogibox,amet nulla quisque arcu libero rutrum ac lobortis vel dapibus at diam nam tristique tortor,#0582db
Dabshots,Skinder,nunc nisl duis bibendum felis sed interdum venenatis turpis enim blandit mi in porttitor pede,Kwimbee,eleifend luctus ultricies eu nibh quisque id justo sit amet sapien dignissim vestibulum vestibulum ante ipsum primis,#004ba6
Quinu,Skyble,nisl duis ac nibh fusce lacus purus aliquet at feugiat non pretium quis lectus suspendisse potenti,Realbuzz,augue quam sollicitudin vitae consectetuer eget rutrum at lorem integer tincidunt ante,#76dd7d
Zoomlounge,Devpoint,tincidunt in leo maecenas pulvinar lobortis est phasellus sit amet erat nulla tempus vivamus in felis eu,Centizu,odio elementum eu interdum eu tincidunt in leo maecenas pulvinar lobortis est phasellus sit amet erat nulla tempus vivamus,#f09299
Tagtune,Yotz,metus sapien ut nunc vestibulum ante ipsum primis in faucibus orci luctus et ultrices posuere cubilia curae mauris viverra,Zoombox,neque aenean auctor gravida sem praesent id massa id nisl venenatis lacinia aenean sit amet justo morbi ut,#160053
Edgewire,Linklinks,sociis natoque penatibus et magnis dis parturient montes nascetur ridiculus mus etiam vel augue vestibulum rutrum rutrum neque aenean,Jaxnation,sit amet erat nulla tempus vivamus in felis eu sapien cursus vestibulum proin eu mi nulla,#626af4
Rhyloo,Jaxbean,mattis nibh ligula nec sem duis aliquam convallis nunc proin at,Zoomcast,turpis integer aliquet massa id lobortis convallis tortor risus dapibus augue vel accumsan tellus nisi eu orci,#e9393a
Edgetag,Gevee,a ipsum integer a nibh in quis justo maecenas rhoncus aliquam lacus morbi quis tortor id nulla ultrices aliquet maecenas,Voonix,enim lorem ipsum dolor sit amet consectetuer adipiscing elit proin interdum mauris non ligula pellentesque,#1b534f
Babbleblab,Feedmix,nulla nunc purus phasellus in felis donec semper sapien a libero nam dui proin leo odio porttitor id,Kare,mus etiam vel augue vestibulum rutrum rutrum neque aenean auctor gravida,#354f1c
Riffpedia,Myworks,ut blandit non interdum in ante vestibulum ante ipsum primis in faucibus orci luctus et ultrices posuere cubilia,Browsebug,tortor sollicitudin mi sit amet lobortis sapien sapien non mi integer ac neque duis bibendum,#dc2aa6
Fatz,Zoonoodle,eget tempus vel pede morbi porttitor lorem id ligula suspendisse ornare consequat lectus in,Brightbean,blandit non interdum in ante vestibulum ante ipsum primis in faucibus orci luctus et ultrices posuere,#5f129f
Lazzy,Cogidoo,at ipsum ac tellus semper interdum mauris ullamcorper purus sit amet nulla quisque arcu libero rutrum ac lobortis,Oozz,nulla sed vel enim sit amet nunc viverra dapibus nulla suscipit ligula in lacus curabitur at ipsum,#0ede43
Roodel,Zoovu,pellentesque ultrices phasellus id sapien in sapien iaculis congue vivamus metus,Centimia,maecenas pulvinar lobortis est phasellus sit amet erat nulla tempus vivamus in felis eu sapien cursus vestibulum proin,#79ddb4
Chatterbridge,Chatterbridge,erat vestibulum sed magna at nunc commodo placerat praesent blandit nam nulla integer pede,Edgeify,ultrices posuere cubilia curae donec pharetra magna vestibulum aliquet ultrices,#45da2b
InnoZ,Rhyzio,hac habitasse platea dictumst morbi vestibulum velit id pretium iaculis diam erat,Twitterlist,turpis enim blandit mi in porttitor pede justo eu massa donec dapibus duis at velit eu est congue,#b42bb0
Yabox,Browsedrive,ridiculus mus etiam vel augue vestibulum rutrum rutrum neque aenean auctor gravida,Janyx,massa donec dapibus duis at velit eu est congue elementum,#47d51d
Quimm,Livepath,aliquam augue quam sollicitudin vitae consectetuer eget rutrum at lorem integer tincidunt ante vel,Jaxbean,faucibus orci luctus et ultrices posuere cubilia curae duis faucibus accumsan odio curabitur,#785da6
Yodo,Yamia,ligula sit amet eleifend pede libero quis orci nullam molestie nibh in lectus pellentesque at nulla suspendisse potenti cras,Zoonder,condimentum id luctus nec molestie sed justo pellentesque viverra pede ac diam cras,#8413aa
Viva,Babbleopia,id nulla ultrices aliquet maecenas leo odio condimentum id luctus,Zoomcast,non sodales sed tincidunt eu felis fusce posuere felis sed lacus,#6fa7e7
Gabtype,Meembee,orci pede venenatis non sodales sed tincidunt eu felis fusce posuere felis sed lacus morbi sem,Meevee,sit amet nunc viverra dapibus nulla suscipit ligula in lacus curabitur at ipsum ac tellus semper,#bb9643
Skibox,Thoughtworks,sed ante vivamus tortor duis mattis egestas metus aenean fermentum donec ut mauris eget,Yodo,pulvinar sed nisl nunc rhoncus dui vel sem sed sagittis,#2c67b7
Yodel,Wordtune,id massa id nisl venenatis lacinia aenean sit amet justo morbi,Skyvu,est et tempus semper est quam pharetra magna ac consequat metus sapien ut nunc vestibulum ante ipsum primis in faucibus,#44ba55
Wordify,Browsetype,in faucibus orci luctus et ultrices posuere cubilia curae nulla dapibus dolor vel est donec odio,Jazzy,dolor vel est donec odio justo sollicitudin ut suscipit a feugiat et eros vestibulum ac est lacinia nisi,#6bd6e3
Divanoodle,Fatz,mauris vulputate elementum nullam varius nulla facilisi cras non velit nec nisi vulputate,Babbleset,aliquam quis turpis eget elit sodales scelerisque mauris sit amet eros suspendisse accumsan tortor,#a01fe4
Browsebug,Tagchat,etiam faucibus cursus urna ut tellus nulla ut erat id mauris,Skyvu,ultrices posuere cubilia curae duis faucibus accumsan odio curabitur convallis duis consequat dui nec nisi volutpat eleifend donec ut,#890004
Yodo,Skilith,tristique in tempus sit amet sem fusce consequat nulla nisl nunc nisl duis bibendum,Babblestorm,fusce consequat nulla nisl nunc nisl duis bibendum felis sed interdum venenatis,#50af5e
Cogidoo,Jaxspan,accumsan felis ut at dolor quis odio consequat varius integer ac leo pellentesque ultrices,Lazzy,quis orci eget orci vehicula condimentum curabitur in libero ut massa volutpat convallis morbi odio odio elementum eu interdum eu,#1695a4
Jetwire,Voonix,at ipsum ac tellus semper interdum mauris ullamcorper purus sit amet nulla quisque arcu libero rutrum,Gabvine,lobortis convallis tortor risus dapibus augue vel accumsan tellus nisi eu orci mauris lacinia sapien quis libero nullam sit amet,#13e70f
Gigaclub,Browsetype,et ultrices posuere cubilia curae donec pharetra magna vestibulum aliquet ultrices erat tortor sollicitudin mi,Zooveo,sapien ut nunc vestibulum ante ipsum primis in faucibus orci luctus et ultrices,#a3a8ba
Realfire,Jabberstorm,pede malesuada in imperdiet et commodo vulputate justo in blandit ultrices enim lorem ipsum dolor,Pixope,commodo placerat praesent blandit nam nulla integer pede justo lacinia,#50d081
Yakidoo,Viva,aenean lectus pellentesque eget nunc donec quis orci eget orci vehicula condimentum curabitur in libero ut massa volutpat convallis,Katz,proin eu mi nulla ac enim in tempor turpis nec euismod scelerisque,#05ac76
Voolia,Vitz,volutpat erat quisque erat eros viverra eget congue eget semper rutrum nulla nunc purus phasellus in,LiveZ,sodales scelerisque mauris sit amet eros suspendisse accumsan tortor quis turpis sed ante vivamus tortor duis mattis,#36fa45
Divavu,Tagtune,potenti nullam porttitor lacus at turpis donec posuere metus vitae ipsum aliquam non mauris morbi non,Mita,amet eleifend pede libero quis orci nullam molestie nibh in lectus pellentesque at nulla suspendisse potenti cras in,#45b42c
Devshare,Jabbertype,massa id nisl venenatis lacinia aenean sit amet justo morbi ut odio cras mi pede malesuada in imperdiet et,Zazio,nulla eget eros elementum pellentesque quisque porta volutpat erat quisque,#d02776
Blogtag,Twiyo,donec odio justo sollicitudin ut suscipit a feugiat et eros vestibulum ac est lacinia nisi venenatis,Tagpad,ac nibh fusce lacus purus aliquet at feugiat non pretium quis lectus suspendisse potenti in eleifend quam a odio,#eaeb3f
Zoomcast,Izio,nisi venenatis tristique fusce congue diam id ornare imperdiet sapien,Livefish,platea dictumst etiam faucibus cursus urna ut tellus nulla ut erat id mauris vulputate elementum nullam varius nulla,#3836d4
Dynava,Zoomdog,pede morbi porttitor lorem id ligula suspendisse ornare consequat lectus in est risus auctor sed tristique in tempus,Zoovu,donec vitae nisi nam ultrices libero non mattis pulvinar nulla pede ullamcorper augue a suscipit nulla elit ac nulla,#a2d099
Fanoodle,Fanoodle,bibendum felis sed interdum venenatis turpis enim blandit mi in porttitor pede justo eu massa donec,Youtags,pede malesuada in imperdiet et commodo vulputate justo in blandit ultrices enim lorem ipsum dolor,#f96f73
Skalith,Kamba,libero quis orci nullam molestie nibh in lectus pellentesque at nulla suspendisse potenti cras,Mydo,integer pede justo lacinia eget tincidunt eget tempus vel pede morbi porttitor lorem id ligula,#f6d117
Skilith,Cogibox,sapien arcu sed augue aliquam erat volutpat in congue etiam justo etiam pretium iaculis justo,Fivechat,luctus ultricies eu nibh quisque id justo sit amet sapien dignissim vestibulum vestibulum ante ipsum primis in,#4b2fb1
Topicshots,Blognation,porttitor id consequat in consequat ut nulla sed accumsan felis ut at dolor quis,Kimia,sapien a libero nam dui proin leo odio porttitor id consequat in,#d07302
Wikido,Demizz,tortor risus dapibus augue vel accumsan tellus nisi eu orci mauris,Browseblab,sodales scelerisque mauris sit amet eros suspendisse accumsan tortor quis,#7bd3d5
Voolith,Rhyloo,adipiscing elit proin risus praesent lectus vestibulum quam sapien varius ut blandit,Livefish,montes nascetur ridiculus mus etiam vel augue vestibulum rutrum rutrum neque aenean auctor gravida sem praesent id massa,#74da53
Digitube,Tavu,diam cras pellentesque volutpat dui maecenas tristique est et tempus semper est,Voonyx,diam vitae quam suspendisse potenti nullam porttitor lacus at turpis donec posuere metus vitae ipsum aliquam non mauris morbi non,#570dce
Feedbug,Yodoo,condimentum neque sapien placerat ante nulla justo aliquam quis turpis eget,Photolist,magna at nunc commodo placerat praesent blandit nam nulla integer pede justo lacinia eget tincidunt eget tempus vel,#891871
Twiyo,Linkbridge,velit donec diam neque vestibulum eget vulputate ut ultrices vel augue vestibulum ante ipsum primis in faucibus orci luctus et,Blognation,tincidunt nulla mollis molestie lorem quisque ut erat curabitur gravida nisi at nibh,#96c7d0
